id,total,total_possession,total_distribution,incidents_this_week,possession_this_week,distribution_this_week,incidents_last_week,possession_last_week,distribution_last_week,incidents_this_month,possession_this_month,distribution_this_month,incidents_last_month,incidents_last_month,distribution_last_month,cocaine_possession,cocaine_distribution,heroin_possession,heroin_distribution,class_c_possession,class_c_distribution,class_d_possession,class_d_distribution,class_e_possession,count
626,387,199,124,0,0,0,2,1,1,2,1,1,18,9,5,126,31,32,9,4,1,6,3,6,0
562,305,140,134,0,0,0,5,3,2,10,5,4,14,8,6,26,32,26,16,26,19,4,1,26,17
680,257,12,129,0,0,0,0,0,0,1,0,1,4,3,1,4,48,6,44,0,1,0,1,2,1
616,221,17,93,0,0,0,0,0,0,0,0,0,0,0,0,2,25,5,11,0,0,8,20,0,0
627,204,82,93,0,0,0,0,0,0,1,1,0,0,0,0,27,12,8,8,1,0,37,25,2,2
537,203,115,67,0,0,0,2,0,2,8,3,5,6,4,2,26,13,36,15,16,1,3,3,29,1
438,203,14,173,0,0,0,0,0,0,1,0,0,1,0,1,7,75,5,53,0,0,2,10,0,1
470,195,35,117,0,0,0,1,0,0,4,0,0,9,1,4,13,45,16,15,0,0,5,4,1,0
254,168,11,125,0,0,0,0,0,0,0,0,0,3,1,1,4,9,3,7,0,0,0,1,1,0
377,147,3,123,0,0,0,0,0,0,0,0,0,1,0,1,2,11,1,6,0,0,0,0,0,0
780,133,52,39,0,0,0,2,1,1,4,1,1,0,0,0,15,2,4,2,1,0,18,0,10,0
641,108,8,64,0,0,0,0,0,0,0,0,0,1,0,1,5,39,2,20,0,0,1,2,0,0
515,101,48,44,0,0,0,1,1,0,2,2,0,7,5,1,23,13,8,3,1,1,9,6,3,2
596,100,39,44,0,0,0,0,0,0,0,0,0,0,0,0,14,2,3,2,0,0,21,8,0,0
655,93,60,24,0,0,0,0,0,0,6,5,0,3,1,1,39,10,7,2,2,1,2,0,3,0
117,93,1,77,0,0,0,0,0,0,0,0,0,0,0,0,1,7,0,26,0,1,0,2,0,0
536,84,41,34,0,0,0,0,0,0,3,1,2,0,0,0,9,4,11,4,8,4,0,1,12,3
564,79,14,61,0,0,0,2,0,2,7,0,6,0,0,0,7,11,2,5,0,0,2,0,2,0
689,74,4,64,0,0,0,2,0,2,6,0,6,4,0,4,3,5,1,29,0,0,0,0,0,0
404,73,43,21,0,0,0,1,0,1,1,0,1,3,0,1,14,5,14,2,3,0,8,5,3,0
450,72,21,31,0,0,0,1,0,1,3,1,2,2,0,1,4,12,6,2,0,1,10,1,0,0
552,63,34,25,0,0,0,0,0,0,0,0,0,0,0,0,23,14,5,4,2,0,3,6,1,0
657,62,20,29,0,0,0,0,0,0,0,0,0,2,0,1,6,2,2,1,3,1,4,0,4,1
381,56,27,17,0,0,0,0,0,0,0,0,0,1,0,1,13,5,6,7,1,0,4,3,2,0
402,56,32,8,0,0,0,3,3,0,4,4,0,1,1,0,11,4,12,1,0,0,6,2,3,0
563,46,26,9,0,0,0,2,1,0,4,3,0,2,1,0,2,1,7,3,6,0,1,0,8,1
656,45,20,3,0,0,0,0,0,0,0,0,0,0,0,0,8,1,5,0,1,0,2,0,1,0
643,44,26,12,0,0,0,0,0,0,0,0,0,3,2,1,12,7,6,3,3,0,4,1,1,0
782,44,22,10,0,0,0,0,0,0,0,0,0,1,0,1,4,2,4,3,2,0,10,2,1,0
516,43,18,17,0,0,0,1,1,0,1,1,0,1,1,0,10,7,3,2,1,0,0,1,2,0
644,40,22,10,0,0,0,1,1,0,1,1,0,2,2,0,9,3,7,3,1,0,3,2,1,0
491,39,19,14,0,0,0,0,0,0,0,0,0,3,0,2,4,6,5,2,3,0,5,2,1,0
513,37,13,20,0,0,0,2,2,0,4,3,1,3,1,2,7,9,3,5,0,0,2,6,1,0
494,37,19,12,0,0,0,2,2,0,2,2,0,0,0,0,10,4,6,0,0,0,3,2,0,1
677,37,13,14,0,0,0,1,0,1,2,0,1,4,2,1,5,5,1,6,1,0,0,0,5,1
587,35,14,10,0,0,0,0,0,0,0,0,0,3,0,1,4,5,5,0,2,0,3,3,0,1
705,34,20,7,0,0,0,0,0,0,0,0,0,1,1,0,10,3,2,1,1,0,3,0,3,1
485,34,15,12,0,0,0,0,0,0,0,0,0,0,0,0,3,4,8,1,0,0,3,5,0,0
507,33,14,13,0,0,0,0,0,0,0,0,0,1,1,0,6,4,5,6,0,0,3,2,0,0
642,33,11,16,0,0,0,0,0,0,0,0,0,0,0,0,7,2,1,7,0,0,1,3,2,0
783,33,26,5,0,0,0,0,0,0,0,0,0,0,0,0,9,0,0,1,4,0,8,1,5,0
781,32,24,6,0,0,0,0,0,0,0,0,0,0,0,0,8,3,4,1,4,1,3,0,4,0
538,30,17,9,0,0,0,0,0,0,0,0,0,1,1,0,5,2,4,3,2,0,6,1,0,0
971,30,12,12,0,0,0,0,0,0,0,0,0,2,1,1,5,4,3,2,1,0,2,2,0,0
666,29,19,9,0,0,0,0,0,0,1,0,1,4,3,1,9,6,6,1,0,0,3,1,1,0
613,28,13,10,0,0,0,0,0,0,0,0,0,2,1,1,5,5,4,1,0,0,3,2,1,0
683,27,12,11,0,0,0,0,0,0,2,1,1,0,0,0,7,2,3,0,0,0,1,0,1,0
486,26,13,9,0,0,0,0,0,0,0,0,0,0,0,0,3,4,1,2,1,1,7,1,0,0
779,26,17,6,0,0,0,0,0,0,0,0,0,0,0,0,7,1,0,1,2,0,7,1,0,0
658,26,15,6,0,0,0,0,0,0,0,0,0,0,0,0,0,0,0,0,4,0,1,0,9,0
645,25,9,12,0,0,0,0,0,0,1,0,0,0,0,0,4,5,2,3,0,0,2,3,0,0
618,25,9,7,0,0,0,0,0,0,2,0,0,1,1,0,5,3,2,2,0,1,1,0,1,0
106,25,2,21,0,0,0,0,0,0,0,0,0,0,0,0,1,2,0,1,0,0,1,1,0,0
228,25,12,7,0,0,0,0,0,0,0,0,0,0,0,0,2,1,1,0,1,0,6,2,2,0
217,24,16,6,0,0,0,0,0,0,0,0,0,0,0,0,7,1,0,1,4,1,3,1,2,0
412,24,9,13,0,0,0,0,0,0,2,1,1,0,0,0,6,4,2,1,0,0,0,1,1,0
314,24,15,7,0,0,0,0,0,0,0,0,0,0,0,0,5,0,1,1,0,1,4,1,5,0
379,24,13,6,0,0,0,0,0,0,0,0,0,2,1,1,4,1,5,2,1,0,2,0,0,0
465,24,8,8,0,0,0,0,0,0,1,0,1,0,0,0,4,4,0,3,0,0,2,1,1,0
509,23,6,15,0,0,0,0,0,0,0,0,0,2,0,1,3,3,1,6,0,0,2,2,0,1
535,23,10,10,0,0,0,2,2,0,2,2,0,0,0,0,4,2,3,6,2,0,0,1,1,0
673,23,9,6,0,0,0,0,0,0,0,0,0,0,0,0,2,2,3,1,1,0,0,1,2,0
489,23,13,9,0,0,0,0,0,0,1,1,0,0,0,0,4,0,5,5,0,0,1,1,3,0
620,23,7,10,0,0,0,0,0,0,0,0,0,0,0,0,1,3,3,3,0,1,1,1,1,0
551,23,9,8,0,0,0,0,0,0,0,0,0,0,0,0,2,4,1,2,1,0,4,0,0,0
610,22,9,8,0,0,0,0,0,0,0,0,0,0,0,0,4,2,2,2,2,0,0,1,1,1
492,22,10,8,0,0,0,0,0,0,3,2,1,2,0,2,3,3,4,1,0,1,3,0,0,0
462,22,8,13,0,0,0,0,0,0,0,0,0,3,2,1,5,3,1,0,0,0,2,4,0,1
584,22,13,6,0,0,0,0,0,0,1,0,1,0,0,0,6,1,2,1,0,0,4,1,1,0
685,21,9,3,0,0,0,0,0,0,1,0,1,3,1,2,3,1,3,0,1,0,1,0,1,1
625,21,12,4,0,0,0,0,0,0,0,0,0,0,0,0,8,2,0,0,0,0,0,0,1,0
526,21,7,11,0,0,0,0,0,0,0,0,0,0,0,0,3,6,1,3,0,0,2,1,0,0
471,21,9,2,0,0,0,0,0,0,0,0,0,4,2,2,2,1,2,1,1,0,3,0,1,0
675,20,9,5,0,0,0,0,0,0,0,0,0,0,0,0,4,1,2,1,1,0,1,2,0,0
514,20,11,7,0,0,0,0,0,0,1,1,0,0,0,0,3,2,4,0,1,1,2,0,0,0
678,20,11,5,0,0,0,0,0,0,0,0,0,0,0,0,4,1,2,0,0,0,1,2,3,1
425,20,7,4,0,0,0,0,0,0,0,0,0,0,0,0,1,1,0,1,2,0,4,1,0,0
282,20,8,10,0,0,0,0,0,0,0,0,0,0,0,0,4,3,3,2,0,0,1,1,0,0
810,20,8,9,0,0,0,0,0,0,2,1,0,1,0,0,2,3,3,2,0,0,3,1,0,0
209,20,5,10,0,0,0,0,0,0,0,0,0,0,0,0,2,2,2,5,0,0,1,1,0,0
609,19,10,7,0,0,0,0,0,0,0,0,0,0,0,0,1,2,3,1,1,0,5,4,0,0
528,19,5,12,0,0,0,0,0,0,2,0,2,0,0,0,3,8,1,2,1,0,0,0,0,1
585,19,8,8,0,0,0,0,0,0,0,0,0,0,0,0,5,3,1,2,1,0,0,1,1,0
122,19,15,3,0,0,0,0,0,0,0,0,0,2,0,1,0,0,0,0,3,0,12,3,0,0
662,19,11,2,0,0,0,0,0,0,0,0,0,0,0,0,2,1,2,0,2,0,4,1,0,0
484,19,11,6,0,0,0,0,0,0,0,0,0,0,0,0,9,4,1,1,0,0,1,1,0,0
428,19,7,9,0,0,0,0,0,0,0,0,0,0,0,0,1,1,3,2,0,1,2,2,1,0
439,19,6,12,0,0,0,0,0,0,0,0,0,0,0,0,2,5,1,3,0,0,2,2,1,0
588,19,8,9,0,0,0,0,0,0,0,0,0,0,0,0,5,4,2,2,0,0,1,1,0,0
679,18,5,8,0,0,0,0,0,0,0,0,0,0,0,0,2,3,2,2,0,0,1,1,0,1
809,18,8,9,0,0,0,0,0,0,3,1,2,0,0,0,4,4,1,4,0,0,2,0,0,0
617,18,9,7,0,0,0,0,0,0,0,0,0,0,0,0,2,1,1,2,1,0,4,3,1,0
511,18,8,8,0,0,0,0,0,0,0,0,0,3,3,0,5,3,1,2,0,0,2,0,0,0
518,18,7,1,0,0,0,0,0,0,1,0,0,1,0,0,1,0,2,0,1,0,1,0,2,0
674,18,8,3,0,0,0,1,0,0,1,0,0,0,0,0,2,1,4,2,0,0,1,0,1,0
445,17,7,7,0,0,0,0,0,0,0,0,0,0,0,0,3,1,3,2,0,1,1,1,0,0
560,17,11,3,0,0,0,0,0,0,0,0,0,0,0,0,3,1,4,0,1,0,2,1,1,0
703,17,5,8,0,0,0,0,0,0,0,0,0,0,0,0,3,3,1,2,1,0,0,1,0,1
472,17,5,11,0,0,0,0,0,0,0,0,0,0,0,0,1,4,2,1,0,0,1,3,0,0
424,17,8,5,0,0,0,0,0,0,0,0,0,0,0,0,4,1,2,2,0,1,1,1,1,0
704,17,10,3,0,0,0,0,0,0,2,2,0,0,0,0,3,1,2,0,2,0,2,2,1,0
503,17,7,10,0,0,0,0,0,0,1,1,0,0,0,0,0,2,2,1,0,0,4,4,0,0
380,17,11,3,0,0,0,0,0,0,0,0,0,2,2,0,3,0,4,1,1,0,1,0,2,0
446,17,6,9,0,0,0,0,0,0,0,0,0,0,0,0,2,3,2,2,0,0,2,1,0,0
531,17,10,4,0,0,0,0,0,0,0,0,0,0,0,0,5,0,3,1,0,0,2,0,0,0
458,17,8,6,0,0,0,0,0,0,0,0,0,0,0,0,7,3,0,0,0,0,1,2,0,0
583,17,11,3,0,0,0,0,0,0,0,0,0,0,0,0,7,1,2,0,1,0,1,2,0,0
797,16,7,8,0,0,0,0,0,0,0,0,0,1,0,1,3,3,1,1,1,1,0,1,0,0
510,16,5,8,0,0,0,0,0,0,0,0,0,0,0,0,2,3,2,2,0,0,1,1,0,0
460,16,7,2,0,0,0,0,0,0,1,0,0,1,1,0,1,0,2,2,0,0,3,0,1,0
553,16,5,6,0,0,0,0,0,0,0,0,0,0,0,0,3,3,0,0,0,0,2,3,0,0
615,16,7,7,0,0,0,0,0,0,0,0,0,0,0,0,2,3,2,1,1,0,1,0,0,0
467,16,11,4,0,0,0,0,0,0,0,0,0,0,0,0,3,0,2,0,2,0,2,4,1,0
669,16,8,2,0,0,0,0,0,0,0,0,0,0,0,0,4,0,2,1,0,0,0,1,1,0
795,15,6,5,0,0,0,1,1,0,1,1,0,0,0,0,2,1,0,2,0,0,3,0,1,0
237,15,9,3,0,0,0,0,0,0,0,0,0,0,0,0,3,0,1,1,2,0,1,0,2,0
534,15,6,3,0,0,0,0,0,0,0,0,0,1,0,0,1,1,1,0,0,0,1,0,1,0
487,15,7,8,0,0,0,0,0,0,0,0,0,2,0,2,1,2,2,2,0,0,3,1,0,0
586,15,5,4,0,0,0,1,0,0,1,0,0,0,0,0,5,2,0,1,0,0,0,0,0,0
612,15,9,5,0,0,0,0,0,0,0,0,0,0,0,0,3,0,3,3,1,0,0,1,0,0
632,15,8,3,0,0,0,0,0,0,0,0,0,0,0,0,1,1,2,0,1,1,1,0,2,0
308,15,9,4,0,0,0,0,0,0,2,2,0,0,0,0,3,1,2,1,0,0,3,0,0,0
469,15,6,7,0,0,0,0,0,0,0,0,0,0,0,0,1,3,1,1,1,0,2,1,0,0
429,15,5,8,0,0,0,0,0,0,0,0,0,2,2,0,1,1,1,2,1,0,2,3,0,0
183,14,4,9,0,0,0,0,0,0,0,0,0,0,0,0,4,5,0,1,0,1,0,1,0,0
628,14,4,6,0,0,0,0,0,0,0,0,0,0,0,0,1,2,0,1,0,0,1,1,1,0
262,14,4,7,0,0,0,0,0,0,0,0,0,0,0,0,3,3,0,0,0,0,1,1,0,0
762,14,8,5,0,0,0,0,0,0,0,0,0,4,2,2,1,1,0,3,2,0,1,1,4,0
508,14,5,8,0,0,0,0,0,0,0,0,0,2,0,2,1,2,0,0,0,0,4,2,0,0
124,14,12,2,0,0,0,0,0,0,0,0,0,0,0,0,5,1,1,0,1,0,4,0,1,0
894,14,7,3,0,0,0,0,0,0,0,0,0,0,0,0,3,1,0,0,1,0,3,1,0,0
413,14,4,9,0,0,0,0,0,0,0,0,0,0,0,0,1,3,1,3,0,0,1,1,0,0
495,14,5,5,0,0,0,0,0,0,0,0,0,0,0,0,4,2,0,1,0,0,0,1,0,0
533,14,4,6,0,0,0,1,0,0,1,0,0,1,0,1,0,3,0,1,0,0,4,1,0,0
796,14,6,6,0,0,0,0,0,0,1,0,1,0,0,0,2,2,2,1,1,0,1,1,0,0
723,14,3,5,0,0,0,0,0,0,0,0,0,2,0,2,0,1,1,1,0,1,2,0,0,0
822,14,4,6,0,0,0,0,0,0,0,0,0,0,0,0,3,2,0,2,0,0,1,0,0,0
493,14,8,4,0,0,0,0,0,0,0,0,0,0,0,0,3,1,2,0,0,0,1,0,1,0
646,14,4,7,0,0,0,0,0,0,0,0,0,0,0,0,2,5,1,0,1,0,0,1,0,0
253,13,6,4,0,0,0,0,0,0,0,0,0,0,0,0,1,1,4,0,0,1,1,0,0,0
720,13,6,4,0,0,0,0,0,0,0,0,0,0,0,0,2,1,1,0,0,0,2,3,1,0
483,13,6,7,0,0,0,0,0,0,0,0,0,1,0,1,1,3,2,2,0,0,2,0,0,0
676,13,4,5,0,0,0,0,0,0,0,0,0,0,0,0,2,3,1,1,1,0,0,0,0,0
334,13,5,6,0,0,0,0,0,0,0,0,0,0,0,0,2,1,1,1,0,0,2,0,0,1
611,13,3,6,0,0,0,0,0,0,0,0,0,1,0,0,1,2,0,0,1,1,1,1,0,0
602,13,8,2,0,0,0,0,0,0,0,0,0,0,0,0,3,0,2,0,0,0,2,0,0,0
798,13,6,2,0,0,0,0,0,0,0,0,0,1,1,0,1,0,2,0,0,0,3,2,0,0
570,13,10,3,0,0,0,0,0,0,0,0,0,0,0,0,1,0,5,3,1,0,0,0,3,0
403,13,8,2,0,0,0,0,0,0,1,0,1,2,2,0,3,0,2,1,0,0,1,1,2,0
530,13,3,8,0,0,0,0,0,0,0,0,0,1,0,0,0,1,3,3,0,0,0,1,0,0
555,13,5,8,0,0,0,0,0,0,0,0,0,0,0,0,0,2,3,2,1,1,1,1,0,0
490,13,5,6,0,0,0,0,0,0,0,0,0,1,0,1,3,1,1,1,0,0,0,0,0,0
505,13,8,5,0,0,0,0,0,0,0,0,0,0,0,0,3,1,0,1,1,0,4,1,0,0
647,13,6,2,0,0,0,0,0,0,0,0,0,0,0,0,0,2,4,0,1,0,0,0,1,0
559,12,5,3,0,0,0,0,0,0,1,0,1,1,0,0,1,0,1,0,0,0,3,2,0,0
649,12,7,5,0,0,0,0,0,0,0,0,0,1,0,1,1,0,1,1,1,0,0,1,3,0
461,12,6,4,0,0,0,0,0,0,0,0,0,2,0,2,2,1,2,3,0,0,2,0,0,0
59,12,8,3,0,0,0,0,0,0,0,0,0,0,0,0,2,1,0,0,3,0,2,0,1,0
517,12,4,7,0,0,0,0,0,0,0,0,0,0,0,0,1,2,1,0,0,1,1,0,0,1
409,12,5,0,0,0,0,0,0,0,0,0,0,3,2,0,0,0,3,0,1,0,0,0,1,0
687,12,1,5,0,0,0,0,0,0,0,0,0,0,0,0,0,0,1,0,0,1,0,2,0,0
589,12,7,1,0,0,0,0,0,0,0,0,0,1,0,0,3,0,2,0,0,0,1,1,1,0
654,11,4,2,0,0,0,0,0,0,0,0,0,1,1,0,2,0,1,0,0,0,1,0,0,0
557,11,3,5,0,0,0,0,0,0,0,0,0,0,0,0,1,1,1,1,0,0,1,0,0,0
629,11,4,4,0,0,0,0,0,0,0,0,0,0,0,0,1,1,0,1,1,0,1,0,1,0
158,11,7,3,0,0,0,1,0,1,1,0,1,0,0,0,1,0,3,0,0,1,2,2,1,0
198,11,4,2,0,0,0,0,0,0,0,0,0,0,0,0,0,1,2,0,0,0,0,0,1,0
541,11,3,2,0,0,0,0,0,0,0,0,0,1,0,0,1,0,1,1,0,0,1,0,0,1
236,10,4,4,0,0,0,0,0,0,0,0,0,0,0,0,2,1,2,1,0,0,0,0,0,0
733,10,6,3,0,0,0,0,0,0,0,0,0,0,0,0,5,0,0,1,1,0,0,1,0,1
545,10,7,1,0,0,0,0,0,0,0,0,0,0,0,0,4,0,2,1,0,0,0,0,1,0
539,10,4,5,0,0,0,0,0,0,0,0,0,0,0,0,2,2,2,1,0,0,0,0,0,0
488,10,5,3,0,0,0,0,0,0,1,1,0,0,0,0,3,1,0,1,0,0,2,0,0,0
594,10,3,7,0,0,0,0,0,0,0,0,0,0,0,0,1,2,1,0,0,0,1,2,0,0
755,10,4,1,0,0,0,0,0,0,0,0,0,0,0,0,1,0,0,1,0,0,1,0,2,0
192,10,7,2,0,0,0,0,0,0,0,0,0,0,0,0,1,1,1,0,1,0,1,0,2,0
74,10,6,2,0,0,0,0,0,0,0,0,0,1,1,0,2,0,0,1,1,0,2,0,1,0
640,10,2,5,0,0,0,0,0,0,0,0,0,0,0,0,2,2,0,3,0,0,0,0,0,0
219,10,2,7,0,0,0,0,0,0,1,0,0,0,0,0,1,0,0,1,1,1,0,2,0,0
287,9,1,5,0,0,0,0,0,0,0,0,0,0,0,0,1,2,0,0,0,0,0,0,0,0
407,9,4,3,0,0,0,0,0,0,0,0,0,1,0,1,1,1,2,1,0,0,1,1,0,0
15,9,0,3,0,0,0,0,0,0,0,0,0,3,0,2,0,1,0,2,0,0,0,0,0,0
474,9,1,2,0,0,0,1,0,0,1,0,0,0,0,0,1,1,0,0,0,0,0,1,0,0
614,9,2,3,0,0,0,0,0,0,0,0,0,0,0,0,0,0,0,0,1,0,0,2,1,0
590,9,2,4,0,0,0,3,0,3,3,0,3,0,0,0,0,1,2,0,0,0,0,0,0,0
561,9,4,2,0,0,0,0,0,0,2,0,2,0,0,0,2,1,1,0,0,0,0,0,1,1
686,9,1,1,0,0,0,0,0,0,0,0,0,0,0,0,0,0,0,0,0,0,0,1,1,0
502,9,3,3,0,0,0,0,0,0,1,0,0,0,0,0,2,2,1,0,0,0,0,1,0,0
475,9,6,1,0,0,0,0,0,0,2,2,0,1,1,0,3,1,1,0,0,0,0,0,2,0
554,9,3,3,0,0,0,0,0,0,0,0,0,1,1,0,2,2,0,1,0,0,1,0,0,0
285,9,5,2,0,0,0,0,0,0,0,0,0,0,0,0,2,0,1,1,0,0,0,1,1,0
477,9,1,7,0,0,0,0,0,0,0,0,0,0,0,0,0,1,1,1,0,1,0,2,0,0
576,9,7,2,0,0,0,0,0,0,0,0,0,0,0,0,1,1,3,1,1,0,1,0,0,0
550,9,3,5,0,0,0,0,0,0,1,1,0,0,0,0,1,2,2,1,0,0,0,1,0,0
440,9,7,2,0,0,0,0,0,0,0,0,0,0,0,0,1,0,4,1,0,0,2,1,0,0
161,9,5,1,0,0,0,0,0,0,0,0,0,1,0,0,1,0,1,0,1,0,1,1,1,0
279,9,1,2,0,0,0,0,0,0,0,0,0,0,0,0,0,1,1,0,0,0,0,0,0,0
356,9,5,2,0,0,0,0,0,0,0,0,0,0,0,0,0,0,2,0,0,0,3,1,0,0
670,9,5,4,0,0,0,0,0,0,0,0,0,0,0,0,2,2,1,0,1,0,1,1,0,0
707,9,3,2,0,0,0,0,0,0,0,0,0,3,1,1,2,1,0,0,0,0,0,0,0,0
624,9,4,1,0,0,0,0,0,0,0,0,0,0,0,0,1,0,1,1,0,0,0,0,2,0
582,8,2,4,0,0,0,0,0,0,0,0,0,0,0,0,1,0,0,0,0,0,1,1,0,1
112,8,1,5,0,0,0,0,0,0,0,0,0,0,0,0,1,1,0,2,0,0,0,1,0,0
197,8,3,4,0,0,0,0,0,0,4,2,2,0,0,0,0,1,0,0,0,0,1,2,1,0
447,8,6,2,0,0,0,0,0,0,0,0,0,0,0,0,1,0,3,1,0,0,2,0,0,0
288,8,3,3,0,0,0,0,0,0,0,0,0,2,0,2,2,0,1,0,0,0,0,0,0,0
648,8,1,1,0,0,0,0,0,0,0,0,0,0,0,0,1,1,0,0,0,0,0,0,0,0
166,8,4,2,0,0,0,0,0,0,0,0,0,0,0,0,1,1,1,1,0,0,2,0,0,0
722,8,2,4,0,0,0,0,0,0,0,0,0,0,0,0,1,3,1,1,0,0,0,0,0,0
512,8,7,1,0,0,0,0,0,0,0,0,0,0,0,0,3,0,4,1,0,0,0,0,0,0
597,8,3,3,0,0,0,0,0,0,0,0,0,0,0,0,2,1,0,0,0,0,1,1,0,1
479,8,3,5,0,0,0,0,0,0,0,0,0,0,0,0,1,2,1,1,0,0,0,2,0,0
39,8,3,4,0,0,0,0,0,0,0,0,0,0,0,0,2,1,0,0,0,0,1,0,0,0
633,8,2,2,0,0,0,0,0,0,0,0,0,0,0,0,1,1,0,0,0,0,1,1,0,0
229,8,3,5,0,0,0,0,0,0,0,0,0,0,0,0,1,0,0,0,1,0,1,2,0,0
436,8,3,5,0,0,0,0,0,0,0,0,0,0,0,0,1,2,0,1,0,0,1,2,0,0
316,8,4,2,0,0,0,0,0,0,0,0,0,0,0,0,1,1,1,1,0,0,0,0,1,0
506,8,3,2,0,0,0,0,0,0,0,0,0,0,0,0,2,2,0,0,0,0,1,0,0,0
390,8,3,1,0,0,0,0,0,0,1,1,0,0,0,0,1,1,0,0,1,0,1,0,0,0
389,8,5,3,0,0,0,0,0,0,0,0,0,0,0,0,3,1,0,0,0,0,1,1,0,0
690,8,2,3,0,0,0,0,0,0,0,0,0,0,0,0,0,2,2,0,0,0,0,1,0,0
665,7,6,1,0,0,0,0,0,0,0,0,0,1,1,0,2,1,2,0,0,0,1,0,0,0
463,7,5,2,0,0,0,0,0,0,0,0,0,0,0,0,1,0,3,1,0,0,0,1,1,0
524,7,0,4,0,0,0,0,0,0,0,0,0,0,0,0,0,1,0,1,0,0,0,2,0,0
529,7,4,1,0,0,0,0,0,0,0,0,0,0,0,0,0,0,3,1,0,0,1,0,0,0
661,7,2,1,0,0,0,0,0,0,0,0,0,0,0,0,0,0,0,0,0,0,0,0,1,0
367,7,0,5,0,0,0,0,0,0,0,0,0,0,0,0,0,1,0,1,0,1,0,2,0,0
283,7,4,3,0,0,0,0,0,0,1,1,0,1,0,1,1,1,0,1,0,0,3,0,0,0
261,7,5,1,0,0,0,0,0,0,0,0,0,0,0,0,1,0,0,0,0,0,4,1,0,0
406,7,3,1,0,0,0,0,0,0,0,0,0,1,0,0,1,0,1,0,0,0,1,1,0,0
423,7,4,1,0,0,0,0,0,0,0,0,0,1,0,0,2,0,0,0,0,0,1,0,1,0
96,7,4,0,0,0,0,0,0,0,0,0,0,1,1,0,2,0,1,0,0,0,1,0,0,0
581,7,4,3,0,0,0,0,0,0,0,0,0,0,0,0,0,2,2,0,1,0,0,0,0,0
863,7,5,1,0,0,0,0,0,0,0,0,0,0,0,0,1,1,0,0,0,0,2,0,1,0
706,7,4,1,0,0,0,0,0,0,0,0,0,0,0,0,2,1,1,0,0,0,0,0,1,0
382,7,2,1,0,0,0,0,0,0,0,0,0,0,0,0,1,0,0,0,0,0,1,0,0,0
185,7,1,0,0,0,0,0,0,0,0,0,0,0,0,0,0,0,0,0,0,0,1,0,0,0
459,7,4,1,0,0,0,0,0,0,1,0,0,1,1,0,0,0,0,0,0,0,4,0,0,0
143,7,3,3,0,0,0,0,0,0,0,0,0,1,0,1,1,1,0,0,0,0,2,1,0,0
210,7,4,3,0,0,0,0,0,0,0,0,0,0,0,0,1,1,1,1,1,0,1,0,0,0
410,7,4,3,0,0,0,0,0,0,0,0,0,0,0,0,1,2,1,0,1,0,1,0,0,0
799,7,4,1,0,0,0,0,0,0,1,0,0,0,0,0,1,0,1,0,0,0,1,1,1,0
732,7,4,1,0,0,0,0,0,0,0,0,0,0,0,0,1,0,0,0,0,0,3,0,0,1
895,7,3,0,0,0,0,0,0,0,0,0,0,0,0,0,0,0,1,0,0,0,1,0,1,0
342,7,3,1,0,0,0,0,0,0,0,0,0,0,0,0,0,0,1,1,0,0,0,0,1,0
24,7,2,3,0,0,0,0,0,0,0,0,0,0,0,0,1,0,0,0,0,0,1,1,0,0
525,7,3,4,0,0,0,0,0,0,0,0,0,1,1,0,0,2,0,1,0,0,3,1,0,0
95,7,2,2,0,0,0,0,0,0,0,0,0,0,0,0,0,0,1,0,0,0,0,1,1,1
496,7,4,2,0,0,0,0,0,0,0,0,0,0,0,0,2,0,0,1,0,0,0,0,2,0
532,7,3,4,0,0,0,0,0,0,2,0,2,0,0,0,1,2,0,1,0,0,2,1,0,0
315,6,2,0,0,0,0,0,0,0,0,0,0,0,0,0,0,0,1,0,0,0,0,0,1,0
191,6,5,1,0,0,0,0,0,0,0,0,0,1,1,0,1,0,0,0,1,0,1,0,2,0
90,6,2,3,0,0,0,0,0,0,0,0,0,2,1,1,2,1,0,0,0,0,0,1,0,0
278,6,4,1,0,0,0,0,0,0,0,0,0,0,0,0,3,0,0,0,0,0,1,0,0,0
882,6,4,1,0,0,0,0,0,0,0,0,0,1,0,1,1,0,1,1,0,0,2,0,0,0
137,6,3,2,0,0,0,0,0,0,0,0,0,0,0,0,0,1,0,1,0,0,3,0,0,0
763,6,2,3,0,0,0,0,0,0,0,0,0,0,0,0,0,2,0,1,0,0,1,0,1,0
359,6,1,3,0,0,0,0,0,0,0,0,0,0,0,0,0,0,0,1,0,0,1,2,0,0
416,6,2,2,0,0,0,0,0,0,0,0,0,0,0,0,1,1,0,0,0,0,1,0,0,0
304,6,3,1,0,0,0,0,0,0,0,0,0,0,0,0,1,0,0,0,0,0,1,0,1,0
638,6,3,1,0,0,0,0,0,0,0,0,0,0,0,0,2,1,0,0,0,0,1,0,0,0
330,6,1,3,0,0,0,0,0,0,0,0,0,0,0,0,1,1,0,0,0,0,0,0,0,0
591,6,4,1,0,0,0,0,0,0,0,0,0,0,0,0,0,0,3,1,1,0,0,0,0,0
556,6,3,2,0,0,0,0,0,0,0,0,0,0,0,0,0,0,0,2,1,0,0,0,2,0
671,6,4,2,0,0,0,0,0,0,0,0,0,1,1,0,2,0,2,1,0,0,0,0,0,0
339,6,2,0,0,0,0,0,0,0,0,0,0,1,0,0,0,0,1,0,0,0,0,0,0,0
383,6,3,2,0,0,0,0,0,0,1,1,0,0,0,0,0,0,1,0,0,0,2,0,0,0
101,6,2,0,0,0,0,0,0,0,0,0,0,0,0,0,0,0,1,0,0,0,1,0,0,0
362,6,4,0,0,0,0,0,0,0,0,0,0,0,0,0,1,0,1,0,0,0,2,0,0,0
527,6,2,3,0,0,0,0,0,0,0,0,0,0,0,0,0,1,0,1,0,0,2,0,0,0
432,6,4,0,0,0,0,0,0,0,0,0,0,0,0,0,0,0,1,0,1,0,2,0,0,0
441,6,4,1,0,0,0,0,0,0,0,0,0,0,0,0,1,0,0,0,0,0,1,1,1,0
309,6,1,5,0,0,0,0,0,0,0,0,0,0,0,0,0,2,0,2,0,0,1,0,0,0
225,6,2,2,0,0,0,0,0,0,0,0,0,0,0,0,2,0,0,0,0,0,0,0,0,0
255,6,3,1,0,0,0,0,0,0,0,0,0,0,0,0,1,0,1,0,1,0,0,0,0,0
504,6,5,1,0,0,0,0,0,0,0,0,0,0,0,0,2,0,2,0,0,0,1,0,0,0
134,6,2,2,0,0,0,0,0,0,0,0,0,0,0,0,1,1,1,1,0,0,0,0,0,0
193,6,2,1,0,0,0,0,0,0,0,0,0,0,0,0,0,0,1,0,1,0,0,1,0,0
667,6,0,2,0,0,0,0,0,0,0,0,0,0,0,0,0,1,0,0,0,0,0,1,0,0
699,6,3,2,0,0,0,0,0,0,0,0,0,0,0,0,2,0,0,0,0,0,0,2,1,0
466,6,1,4,0,0,0,0,0,0,0,0,0,0,0,0,0,2,0,0,0,0,1,0,0,0
694,6,3,1,0,0,0,0,0,0,0,0,0,0,0,0,2,1,0,0,0,0,1,0,0,0
659,6,1,1,0,0,0,0,0,0,0,0,0,0,0,0,0,0,1,0,0,0,0,0,0,0
540,6,3,2,0,0,0,0,0,0,1,1,0,1,1,0,0,0,1,0,0,0,2,0,0,0
580,6,2,1,0,0,0,0,0,0,0,0,0,1,0,1,0,0,0,0,0,0,2,1,0,0
473,6,2,2,0,0,0,0,0,0,0,0,0,0,0,0,1,1,0,0,1,1,0,0,0,0
123,6,3,3,0,0,0,0,0,0,0,0,0,0,0,0,1,0,1,0,0,1,1,1,0,0
167,6,1,2,0,0,0,0,0,0,0,0,0,0,0,0,0,1,0,0,0,0,0,1,0,0
453,5,4,0,0,0,0,0,0,0,1,1,0,0,0,0,1,0,1,0,0,0,0,0,1,0
756,5,1,3,0,0,0,0,0,0,1,0,1,0,0,0,1,2,0,1,0,0,0,0,0,0
437,5,1,2,0,0,0,0,0,0,0,0,0,0,0,0,0,0,0,1,0,0,1,1,0,0
218,5,3,0,0,0,0,0,0,0,0,0,0,1,1,0,1,0,1,0,1,0,0,0,0,0
335,5,5,0,0,0,0,0,0,0,0,0,0,0,0,0,0,0,0,0,1,0,4,0,0,0
357,5,3,2,0,0,0,0,0,0,0,0,0,0,0,0,1,0,0,2,0,0,2,0,0,0
812,5,0,0,0,0,0,0,0,0,0,0,0,0,0,0,0,0,0,0,0,0,0,0,0,0
142,5,2,1,0,0,0,0,0,0,0,0,0,0,0,0,0,1,0,0,0,0,2,0,0,0
160,5,1,1,0,0,0,0,0,0,0,0,0,1,1,0,0,0,0,0,1,0,0,0,0,0
696,5,4,1,0,0,0,0,0,0,0,0,0,0,0,0,2,0,2,1,0,0,0,0,0,0
806,5,2,1,0,0,0,0,0,0,0,0,0,0,0,0,1,0,0,0,0,0,0,0,1,0
355,5,1,2,0,0,0,0,0,0,0,0,0,0,0,0,1,0,0,0,0,0,0,0,0,0
579,5,2,2,0,0,0,0,0,0,0,0,0,0,0,0,1,1,1,1,0,0,0,0,0,0
468,5,3,1,0,0,0,0,0,0,0,0,0,1,1,0,1,1,1,0,0,0,1,0,0,0
712,5,2,0,0,0,0,0,0,0,0,0,0,0,0,0,2,0,0,0,0,0,0,0,0,0
578,5,3,0,0,0,0,0,0,0,0,0,0,1,1,0,1,0,2,0,0,0,0,0,0,0
19,5,4,0,0,0,0,0,0,0,0,0,0,1,0,0,0,0,0,0,0,0,4,0,0,0
366,5,1,2,0,0,0,0,0,0,0,0,0,0,0,0,0,0,1,1,0,0,0,0,0,0
358,5,3,2,0,0,0,0,0,0,0,0,0,0,0,0,2,0,1,1,0,0,0,0,0,0
305,5,2,2,0,0,0,0,0,0,0,0,0,0,0,0,1,1,1,0,0,0,0,0,0,0
881,5,0,1,0,0,0,0,0,0,0,0,0,0,0,0,0,0,0,0,0,0,0,1,0,0
693,5,4,1,0,0,0,0,0,0,0,0,0,0,0,0,1,0,1,0,0,0,0,0,1,0
110,5,2,2,0,0,0,0,0,0,0,0,0,0,0,0,0,0,0,1,0,0,2,1,0,0
313,5,2,3,0,0,0,0,0,0,0,0,0,0,0,0,1,1,0,0,0,0,1,0,0,0
811,5,2,3,0,0,0,0,0,0,0,0,0,0,0,0,0,1,0,1,0,0,0,0,1,0
434,5,4,1,0,0,0,0,0,0,0,0,0,1,1,0,2,0,1,0,0,0,0,1,0,0
378,5,3,1,0,0,0,0,0,0,0,0,0,0,0,0,1,0,0,1,1,0,1,0,0,0
393,5,4,1,0,0,0,1,1,0,1,1,0,0,0,0,1,0,1,0,1,0,1,1,0,0
350,5,3,2,0,0,0,0,0,0,0,0,0,0,0,0,1,0,0,0,0,0,2,1,0,0
159,5,3,2,0,0,0,0,0,0,0,0,0,0,0,0,2,1,0,0,0,0,1,1,0,0
227,5,2,3,0,0,0,0,0,0,0,0,0,0,0,0,1,0,1,1,0,0,0,0,0,0
451,5,1,3,0,0,0,0,0,0,0,0,0,0,0,0,1,1,0,0,0,0,0,1,0,0
199,5,2,0,0,0,0,0,0,0,0,0,0,0,0,0,0,0,1,0,0,0,0,0,1,0
60,5,1,1,0,0,0,0,0,0,1,1,0,1,0,0,0,0,1,0,0,0,0,0,0,0
431,5,2,1,0,0,0,0,0,0,0,0,0,0,0,0,1,1,0,0,0,0,0,0,0,0
598,5,2,0,0,0,0,0,0,0,0,0,0,0,0,0,1,0,1,0,0,0,0,0,0,0
916,5,3,1,0,0,0,0,0,0,1,0,0,0,0,0,1,1,2,0,0,0,0,0,0,0
773,5,1,0,0,0,0,0,0,0,0,0,0,0,0,0,1,0,0,0,0,0,0,0,0,0
256,4,1,0,0,0,0,1,0,0,1,0,0,0,0,0,0,0,0,0,0,0,1,0,0,0
27,4,2,1,0,0,0,0,0,0,0,0,0,0,0,0,1,0,0,0,0,0,1,0,0,0
201,4,1,3,0,0,0,0,0,0,0,0,0,1,0,1,0,1,0,0,0,0,1,1,0,0
548,4,3,1,0,0,0,0,0,0,0,0,0,0,0,0,0,0,1,0,0,0,1,0,0,0
280,4,1,2,0,0,0,0,0,0,0,0,0,0,0,0,0,2,0,0,0,0,1,0,0,0
401,4,0,1,0,0,0,0,0,0,0,0,0,1,0,0,0,1,0,0,0,0,0,0,0,0
82,4,1,0,0,0,0,0,0,0,0,0,0,0,0,0,0,0,0,0,0,0,1,0,0,0
650,4,0,0,0,0,0,0,0,0,0,0,0,0,0,0,0,0,0,0,0,0,0,0,0,0
28,4,3,0,0,0,0,0,0,0,0,0,0,0,0,0,1,0,1,0,0,0,0,0,1,0
748,4,1,2,0,0,0,0,0,0,0,0,0,0,0,0,1,0,0,0,0,0,0,1,0,0
754,4,3,0,0,0,0,0,0,0,0,0,0,1,0,0,0,0,0,0,0,0,3,0,0,0
145,4,3,1,0,0,0,0,0,0,0,0,0,0,0,0,2,1,0,0,0,0,1,0,0,0
481,4,2,1,0,0,0,0,0,0,1,0,1,1,1,0,0,1,1,0,0,0,1,0,0,0
721,4,2,2,0,0,0,0,0,0,0,0,0,0,0,0,0,1,2,0,0,0,0,1,0,0
426,4,0,1,0,0,0,0,0,0,0,0,0,0,0,0,0,0,0,1,0,0,0,0,0,0
572,4,0,1,0,0,0,0,0,0,0,0,0,0,0,0,0,1,0,0,0,0,0,0,0,0
595,4,1,0,0,0,0,0,0,0,0,0,0,0,0,0,0,0,0,0,0,0,0,0,1,0
639,4,0,2,0,0,0,0,0,0,0,0,0,0,0,0,0,1,0,0,0,0,0,0,0,0
260,4,1,0,0,0,0,0,0,0,0,0,0,1,0,0,0,0,0,0,0,0,1,0,0,0
807,4,3,0,0,0,0,0,0,0,0,0,0,2,2,0,1,0,0,0,1,0,0,0,1,0
224,4,0,0,0,0,0,0,0,0,0,0,0,0,0,0,0,0,0,0,0,0,0,0,0,0
121,4,2,1,0,0,0,0,0,0,0,0,0,0,0,0,1,0,1,0,0,0,0,0,0,0
263,4,3,0,0,0,0,0,0,0,0,0,0,0,0,0,1,0,1,0,0,0,1,0,0,0
58,4,2,1,0,0,0,0,0,0,0,0,0,1,0,0,1,0,1,1,0,0,0,0,0,0
174,4,2,2,0,0,0,0,0,0,0,0,0,0,0,0,1,0,0,1,0,0,1,0,0,0
247,4,3,0,0,0,0,0,0,0,0,0,0,0,0,0,1,0,0,0,1,0,0,0,1,0
173,4,2,2,0,0,0,0,0,0,0,0,0,0,0,0,0,0,1,0,0,0,1,0,0,0
76,4,1,2,0,0,0,0,0,0,0,0,0,0,0,0,1,0,0,0,0,0,0,1,0,0
547,4,0,0,0,0,0,0,0,0,0,0,0,0,0,0,0,0,0,0,0,0,0,0,0,0
668,4,0,2,0,0,0,0,0,0,0,0,0,0,0,0,0,1,0,1,0,0,0,0,0,0
93,4,2,1,0,0,0,0,0,0,0,0,0,0,0,0,1,0,1,1,0,0,0,0,0,0
29,4,2,1,0,0,0,0,0,0,0,0,0,0,0,0,1,0,0,0,0,0,1,0,0,0
108,4,1,1,0,0,0,0,0,0,0,0,0,0,0,0,0,0,0,0,1,0,0,1,0,0
200,4,1,0,0,0,0,0,0,0,0,0,0,0,0,0,1,0,0,0,0,0,0,0,0,0
310,4,1,1,0,0,0,0,0,0,0,0,0,0,0,0,0,0,1,0,0,0,0,0,0,0
105,4,3,0,0,0,0,0,0,0,0,0,0,0,0,0,1,0,0,0,1,0,0,0,1,0
257,4,0,0,0,0,0,0,0,0,1,0,0,0,0,0,0,0,0,0,0,0,0,0,0,0
697,3,1,1,0,0,0,0,0,0,0,0,0,0,0,0,0,0,0,0,0,0,1,0,0,0
801,3,0,1,0,0,0,0,0,0,0,0,0,0,0,0,0,0,0,0,0,0,0,0,0,0
695,3,1,2,0,0,0,0,0,0,0,0,0,0,0,0,1,1,0,1,0,0,0,0,0,0
566,3,2,1,0,0,0,0,0,0,0,0,0,3,2,1,1,0,0,0,0,0,0,0,1,0
630,3,0,0,0,0,0,0,0,0,0,0,0,0,0,0,0,0,0,0,0,0,0,0,0,0
728,3,2,0,0,0,0,0,0,0,0,0,0,0,0,0,2,0,0,0,0,0,0,0,0,0
94,3,0,0,0,0,0,0,0,0,1,0,0,1,0,0,0,0,0,0,0,0,0,0,0,0
501,3,0,2,0,0,0,0,0,0,0,0,0,0,0,0,0,0,0,0,0,0,0,2,0,0
207,3,1,2,0,0,0,0,0,0,0,0,0,0,0,0,0,0,1,2,0,0,0,0,0,0
135,3,1,1,0,0,0,0,0,0,0,0,0,0,0,0,0,0,1,0,0,0,0,1,0,0
284,3,1,2,0,0,0,0,0,0,0,0,0,1,0,1,0,1,1,0,0,0,0,0,0,0
684,3,0,0,0,0,0,0,0,0,0,0,0,0,0,0,0,0,0,0,0,0,0,0,0,0
800,3,1,1,0,0,0,0,0,0,0,0,0,0,0,0,0,1,0,0,1,0,0,0,0,0
354,3,2,1,0,0,0,0,0,0,0,0,0,1,1,0,0,0,1,0,0,1,0,0,1,0
478,3,2,1,0,0,0,0,0,0,0,0,0,0,0,0,1,0,0,1,0,0,1,0,0,0
64,3,0,0,0,0,0,0,0,0,0,0,0,0,0,0,0,0,0,0,0,0,0,0,0,0
182,3,1,1,0,0,0,0,0,0,0,0,0,0,0,0,0,0,0,0,1,1,0,0,0,0
56,3,2,1,0,0,0,0,0,0,0,0,0,0,0,0,0,0,1,1,1,0,0,0,0,0
904,3,1,0,0,0,0,0,0,0,0,0,0,1,0,0,0,0,0,0,1,0,0,0,0,0
631,3,2,0,0,0,0,0,0,0,0,0,0,0,0,0,1,0,0,0,0,0,1,0,0,0
73,3,2,0,0,0,0,2,2,0,2,2,0,0,0,0,1,0,0,0,0,0,0,0,1,0
497,3,1,0,0,0,0,0,0,0,0,0,0,0,0,0,0,0,1,0,0,0,0,0,0,0
375,3,2,1,0,0,0,0,0,0,1,1,0,0,0,0,1,0,0,0,1,0,0,0,0,0
45,3,1,1,0,0,0,0,0,0,1,0,1,0,0,0,0,1,0,0,0,0,0,0,1,0
125,3,1,2,0,0,0,0,0,0,0,0,0,0,0,0,0,1,1,0,0,0,0,0,0,0
361,3,2,0,0,0,0,0,0,0,1,1,0,0,0,0,1,0,1,0,0,0,0,0,0,0
62,3,1,2,0,0,0,0,0,0,0,0,0,0,0,0,1,1,0,0,0,0,0,0,0,0
768,3,1,2,0,0,0,0,0,0,0,0,0,1,0,1,0,0,0,0,0,0,1,2,0,0
234,3,2,1,0,0,0,0,0,0,0,0,0,0,0,0,0,0,2,1,0,0,0,0,0,0
206,3,2,0,0,0,0,0,0,0,0,0,0,0,0,0,1,0,0,0,1,0,0,0,0,0
405,3,1,2,0,0,0,0,0,0,0,0,0,0,0,0,0,1,0,1,0,0,1,0,0,0
480,3,0,3,0,0,0,0,0,0,0,0,0,0,0,0,0,1,0,0,0,0,0,0,0,0
168,3,1,0,0,0,0,0,0,0,0,0,0,0,0,0,1,0,0,0,0,0,0,0,0,0
92,3,2,0,0,0,0,0,0,0,0,0,0,0,0,0,1,0,0,0,1,0,0,0,0,0
337,3,1,0,0,0,0,0,0,0,0,0,0,0,0,0,0,0,1,0,0,0,0,0,0,0
120,3,1,0,0,0,0,0,0,0,0,0,0,0,0,0,0,0,0,0,1,0,0,0,0,0
369,3,2,0,0,0,0,0,0,0,0,0,0,0,0,0,0,0,1,0,0,0,0,0,0,0
230,3,2,1,0,0,0,0,0,0,0,0,0,0,0,0,0,0,2,1,0,0,0,0,0,0
319,3,1,1,0,0,0,0,0,0,0,0,0,0,0,0,0,0,0,0,0,0,1,0,0,0
660,3,0,0,0,0,0,0,0,0,0,0,0,0,0,0,0,0,0,0,0,0,0,0,0,0
414,3,3,0,0,0,0,0,0,0,0,0,0,1,1,0,0,0,0,0,0,0,3,0,0,0
449,3,0,1,0,0,0,0,0,0,0,0,0,0,0,0,0,0,0,0,0,0,0,0,0,0
417,3,1,2,0,0,0,0,0,0,0,0,0,0,0,0,1,1,0,0,0,0,0,1,0,0
289,3,0,0,0,0,0,0,0,0,0,0,0,0,0,0,0,0,0,0,0,0,0,0,0,0
593,3,2,1,0,0,0,0,0,0,0,0,0,0,0,0,0,0,2,1,0,0,0,0,0,0
202,3,1,2,0,0,0,0,0,0,0,0,0,0,0,0,0,0,1,1,0,0,0,0,0,0
772,3,1,0,0,0,0,0,0,0,0,0,0,0,0,0,0,0,0,0,0,0,0,0,1,0
281,3,1,0,0,0,0,0,0,0,0,0,0,0,0,0,0,0,0,0,0,0,1,0,0,0
711,3,0,0,0,0,0,0,0,0,0,0,0,0,0,0,0,0,0,0,0,0,0,0,0,0
719,3,2,1,0,0,0,0,0,0,0,0,0,0,0,0,1,0,1,1,0,0,0,0,0,0
165,3,1,1,0,0,0,0,0,0,0,0,0,0,0,0,1,0,0,0,0,0,0,0,0,0
286,3,1,2,0,0,0,0,0,0,0,0,0,0,0,0,0,0,0,0,0,1,1,1,0,0
70,2,2,0,0,0,0,0,0,0,0,0,0,0,0,0,1,0,0,0,0,0,0,0,1,0
456,2,0,2,0,0,0,0,0,0,0,0,0,1,0,1,0,2,0,0,0,0,0,0,0,0
565,2,0,1,0,0,0,0,0,0,0,0,0,0,0,0,0,0,0,0,0,1,0,0,0,0
88,2,0,0,0,0,0,0,0,0,0,0,0,0,0,0,0,0,0,0,0,0,0,0,0,0
113,2,0,1,0,0,0,0,0,0,0,0,0,0,0,0,0,0,0,0,0,0,0,1,0,0
710,2,1,0,0,0,0,0,0,0,0,0,0,0,0,0,1,0,0,0,0,0,0,0,0,0
603,2,0,0,0,0,0,0,0,0,0,0,0,0,0,0,0,0,0,0,0,0,0,0,0,0
767,2,1,0,0,0,0,0,0,0,0,0,0,0,0,0,0,0,1,0,0,0,0,0,0,0
701,2,0,1,0,0,0,0,0,0,0,0,0,0,0,0,0,0,0,1,0,0,0,0,0,0
702,2,0,0,0,0,0,0,0,0,0,0,0,0,0,0,0,0,0,0,0,0,0,0,0,0
558,2,1,1,0,0,0,0,0,0,0,0,0,0,0,0,0,1,0,0,0,0,1,0,0,0
302,2,0,2,0,0,0,0,0,0,0,0,0,0,0,0,0,0,0,0,0,0,0,1,0,0
194,2,2,0,0,0,0,0,0,0,0,0,0,0,0,0,1,0,1,0,0,0,0,0,0,0
567,2,0,0,0,0,0,0,0,0,0,0,0,0,0,0,0,0,0,0,0,0,0,0,0,0
519,2,1,0,0,0,0,0,0,0,0,0,0,0,0,0,0,0,1,0,0,0,0,0,0,0
392,2,1,0,0,0,0,0,0,0,0,0,0,0,0,0,1,0,0,0,0,0,0,0,0,0
340,2,0,1,0,0,0,0,0,0,1,0,0,0,0,0,0,1,0,0,0,0,0,0,0,0
499,2,2,0,0,0,0,0,0,0,0,0,0,2,2,0,0,0,1,0,0,0,0,0,1,0
81,2,0,2,0,0,0,0,0,0,0,0,0,0,0,0,0,0,0,0,0,0,0,1,0,0
521,2,0,2,0,0,0,0,0,0,0,0,0,0,0,0,0,0,0,0,0,1,0,1,0,0
42,2,0,0,0,0,0,0,0,0,0,0,0,1,0,0,0,0,0,0,0,0,0,0,0,0
293,2,0,0,0,0,0,0,0,0,0,0,0,0,0,0,0,0,0,0,0,0,0,0,0,0
737,2,0,0,0,0,0,0,0,0,0,0,0,0,0,0,0,0,0,0,0,0,0,0,0,0
734,2,1,0,0,0,0,0,0,0,0,0,0,0,0,0,0,0,1,0,0,0,0,0,0,0
116,2,0,1,0,0,0,0,0,0,0,0,0,0,0,0,0,0,0,0,0,0,0,1,0,0
235,2,1,1,0,0,0,0,0,0,0,0,0,0,0,0,1,1,0,0,0,0,0,0,0,0
394,2,1,1,0,0,0,0,0,0,0,0,0,0,0,0,0,1,1,0,0,0,0,0,0,0
231,2,0,2,0,0,0,0,0,0,0,0,0,0,0,0,0,1,0,1,0,0,0,0,0,0
277,2,1,0,0,0,0,0,0,0,0,0,0,0,0,0,0,0,1,0,0,0,0,0,0,0
311,2,1,0,0,0,0,0,0,0,0,0,0,1,0,0,1,0,0,0,0,0,0,0,0,0
138,2,0,1,0,0,0,0,0,0,0,0,0,0,0,0,0,0,0,1,0,0,0,0,0,0
83,2,1,1,0,0,0,0,0,0,0,0,0,0,0,0,0,0,0,1,0,0,1,0,0,0
103,2,0,1,0,0,0,0,0,0,0,0,0,0,0,0,0,0,0,0,0,0,0,1,0,0
208,2,0,2,0,0,0,0,0,0,0,0,0,0,0,0,0,0,0,1,0,0,0,0,0,0
444,2,1,0,0,0,0,0,0,0,0,0,0,0,0,0,1,0,0,0,0,0,0,0,0,0
391,2,2,0,0,0,0,0,0,0,0,0,0,0,0,0,1,0,0,0,0,0,1,0,0,0
568,2,2,0,0,0,0,0,0,0,0,0,0,2,2,0,0,0,1,0,0,0,0,0,0,0
177,2,2,0,0,0,0,0,0,0,0,0,0,0,0,0,0,0,0,0,0,0,1,0,0,0
608,2,0,1,0,0,0,0,0,0,0,0,0,0,0,0,0,0,0,0,0,0,0,1,0,0
408,2,0,0,0,0,0,0,0,0,0,0,0,0,0,0,0,0,0,0,0,0,0,0,0,0
327,2,2,0,0,0,0,0,0,0,0,0,0,0,0,0,1,0,0,0,0,0,0,0,1,0
905,2,0,0,0,0,0,0,0,0,0,0,0,0,0,0,0,0,0,0,0,0,0,0,0,0
17,2,0,0,0,0,0,0,0,0,0,0,0,0,0,0,0,0,0,0,0,0,0,0,0,0
864,2,1,0,0,0,0,0,0,0,0,0,0,0,0,0,0,0,0,0,1,0,0,0,0,0
344,2,1,0,0,0,0,0,0,0,0,0,0,0,0,0,1,0,0,0,0,0,0,0,0,0
824,2,1,1,0,0,0,0,0,0,0,0,0,0,0,0,0,0,1,1,0,0,0,0,0,0
787,2,2,0,0,0,0,0,0,0,0,0,0,0,0,0,0,0,0,0,2,0,0,0,0,0
910,2,2,0,0,0,0,0,0,0,0,0,0,0,0,0,0,0,0,0,0,0,2,0,0,0
397,2,2,0,0,0,0,0,0,0,0,0,0,0,0,0,1,0,0,0,0,0,0,0,1,0
251,2,1,0,0,0,0,0,0,0,0,0,0,0,0,0,0,0,0,0,0,0,1,0,0,0
549,2,1,1,0,0,0,0,0,0,0,0,0,0,0,0,1,0,0,0,0,0,0,0,0,0
700,2,1,1,0,0,0,0,0,0,0,0,0,0,0,0,1,1,0,0,0,0,0,0,0,0
808,2,1,1,0,0,0,0,0,0,0,0,0,0,0,0,1,0,0,0,0,0,0,1,0,0
623,2,1,1,0,0,0,0,0,0,0,0,0,0,0,0,0,1,0,0,0,0,1,0,0,0
821,2,0,2,0,0,0,0,0,0,0,0,0,0,0,0,0,0,0,1,0,0,0,0,0,0
312,2,2,0,0,0,0,0,0,0,0,0,0,0,0,0,1,0,0,0,0,0,0,0,0,0
903,2,0,0,0,0,0,0,0,0,0,0,0,0,0,0,0,0,0,0,0,0,0,0,0,0
266,2,0,0,0,0,0,0,0,0,0,0,0,0,0,0,0,0,0,0,0,0,0,0,0,0
140,1,0,0,0,0,0,0,0,0,0,0,0,0,0,0,0,0,0,0,0,0,0,0,0,0
40,1,0,1,0,0,0,0,0,0,0,0,0,0,0,0,0,0,0,0,0,0,0,0,0,0
729,1,0,1,0,0,0,0,0,0,0,0,0,0,0,0,0,0,0,0,0,0,0,1,0,0
331,1,0,0,0,0,0,0,0,0,0,0,0,0,0,0,0,0,0,0,0,0,0,0,0,0
422,1,0,0,0,0,0,0,0,0,0,0,0,0,0,0,0,0,0,0,0,0,0,0,0,0
713,1,0,0,0,0,0,0,0,0,0,0,0,0,0,0,0,0,0,0,0,0,0,0,0,0
32,1,0,0,0,0,0,0,0,0,0,0,0,0,0,0,0,0,0,0,0,0,0,0,0,0
246,1,0,0,0,0,0,0,0,0,0,0,0,0,0,0,0,0,0,0,0,0,0,0,0,0
848,1,1,0,0,0,0,0,0,0,0,0,0,0,0,0,0,0,0,0,0,0,1,0,0,0
326,1,1,0,0,0,0,0,0,0,0,0,0,0,0,0,0,0,0,0,0,0,1,0,0,0
139,1,1,0,0,0,0,0,0,0,0,0,0,0,0,0,0,0,0,0,0,0,1,0,0,0
376,1,0,0,0,0,0,0,0,0,0,0,0,0,0,0,0,0,0,0,0,0,0,0,0,0
321,1,0,0,0,0,0,0,0,0,0,0,0,0,0,0,0,0,0,0,0,0,0,0,0,0
57,1,0,0,0,0,0,0,0,0,0,0,0,0,0,0,0,0,0,0,0,0,0,0,0,0
245,1,0,0,0,0,0,0,0,0,0,0,0,0,0,0,0,0,0,0,0,0,0,0,0,0
418,1,0,0,0,0,0,0,0,0,0,0,0,0,0,0,0,0,0,0,0,0,0,0,0,0
482,1,0,1,0,0,0,0,0,0,0,0,0,0,0,0,0,0,0,0,0,0,0,0,0,0
259,1,1,0,0,0,0,0,0,0,0,0,0,0,0,0,1,0,0,0,0,0,0,0,0,0
577,1,1,0,0,0,0,0,0,0,0,0,0,0,0,0,0,0,0,0,0,0,0,0,1,0
130,1,1,0,0,0,0,0,0,0,0,0,0,0,0,0,0,0,0,0,0,0,1,0,0,0
523,1,1,0,0,0,0,0,0,0,0,0,0,0,0,0,1,0,0,0,0,0,0,0,0,0
500,1,1,0,0,0,0,0,0,0,0,0,0,0,0,0,1,0,0,0,0,0,0,0,0,0
248,1,0,1,0,0,0,0,0,0,0,0,0,0,0,0,0,0,0,0,0,0,0,0,0,0
301,1,0,0,0,0,0,0,0,0,0,0,0,0,0,0,0,0,0,0,0,0,0,0,0,0
825,1,0,0,0,0,0,0,0,0,0,0,0,0,0,0,0,0,0,0,0,0,0,0,0,0
298,1,0,0,0,0,0,0,0,0,0,0,0,0,0,0,0,0,0,0,0,0,0,0,0,0
601,1,0,0,0,0,0,0,0,0,0,0,0,0,0,0,0,0,0,0,0,0,0,0,0,0
38,1,0,0,0,0,0,0,0,0,0,0,0,0,0,0,0,0,0,0,0,0,0,0,0,0
692,1,0,0,0,0,0,0,0,0,0,0,0,0,0,0,0,0,0,0,0,0,0,0,0,0
396,1,1,0,0,0,0,0,0,0,0,0,0,0,0,0,0,0,1,0,0,0,0,0,0,0
107,1,1,0,0,0,0,0,0,0,0,0,0,0,0,0,0,0,0,0,0,0,1,0,0,0
147,1,0,1,0,0,0,0,0,0,0,0,0,1,0,1,0,1,0,0,0,0,0,0,0,0
600,1,0,0,0,0,0,0,0,0,0,0,0,0,0,0,0,0,0,0,0,0,0,0,0,0
634,1,0,0,0,0,0,0,0,0,1,0,0,0,0,0,0,0,0,0,0,0,0,0,0,0
883,1,1,0,0,0,0,0,0,0,0,0,0,0,0,0,1,0,0,0,0,0,0,0,0,0
788,1,0,0,0,0,0,0,0,0,0,0,0,0,0,0,0,0,0,0,0,0,0,0,0,0
454,1,0,0,0,0,0,0,0,0,0,0,0,0,0,0,0,0,0,0,0,0,0,0,0,0
276,1,0,0,0,0,0,0,0,0,0,0,0,0,0,0,0,0,0,0,0,0,0,0,0,0
336,1,1,0,0,0,0,0,0,0,0,0,0,0,0,0,1,0,0,0,0,0,0,0,0,0
232,1,1,0,0,0,0,0,0,0,0,0,0,0,0,0,0,0,0,0,1,0,0,0,0,0
520,1,1,0,0,0,0,0,0,0,0,0,0,0,0,0,0,0,1,0,0,0,0,0,0,0
435,1,0,0,0,0,0,0,0,0,0,0,0,0,0,0,0,0,0,0,0,0,0,0,0,0
835,1,0,1,0,0,0,0,0,0,0,0,0,0,0,0,0,0,0,1,0,0,0,0,0,0
653,1,0,0,0,0,0,0,0,0,0,0,0,0,0,0,0,0,0,0,0,0,0,0,0,0
126,1,1,0,0,0,0,0,0,0,0,0,0,0,0,0,0,0,1,0,0,0,0,0,0,0
188,1,1,0,0,0,0,0,0,0,0,0,0,0,0,0,1,0,0,0,0,0,0,0,0,0
448,1,0,0,0,0,0,0,0,0,0,0,0,0,0,0,0,0,0,0,0,0,0,0,0,0
847,1,1,0,0,0,0,0,0,0,0,0,0,0,0,0,0,0,0,0,0,0,1,0,0,0
363,1,0,0,0,0,0,0,0,0,0,0,0,0,0,0,0,0,0,0,0,0,0,0,0,0
184,1,0,0,0,0,0,0,0,0,0,0,0,0,0,0,0,0,0,0,0,0,0,0,0,0
759,1,0,0,0,0,0,0,0,0,0,0,0,0,0,0,0,0,0,0,0,0,0,0,0,0
175,1,1,0,0,0,0,0,0,0,0,0,0,0,0,0,0,0,0,0,0,0,1,0,0,0
571,1,1,0,0,0,0,0,0,0,0,0,0,0,0,0,0,0,1,0,0,0,0,0,0,0
150,1,1,0,0,0,0,0,0,0,0,0,0,0,0,0,1,0,0,0,0,0,0,0,0,0
542,1,0,0,0,0,0,0,0,0,0,0,0,0,0,0,0,0,0,0,0,0,0,0,0,0
726,1,1,0,0,0,0,0,0,0,0,0,0,0,0,0,1,0,0,0,0,0,0,0,0,0
455,1,0,0,0,0,0,0,0,0,0,0,0,0,0,0,0,0,0,0,0,0,0,0,0,0
893,1,0,0,0,0,0,0,0,0,0,0,0,0,0,0,0,0,0,0,0,0,0,0,0,0
346,1,0,1,0,0,0,1,0,1,1,0,1,0,0,0,0,0,0,1,0,0,0,0,0,0
619,1,1,0,0,0,0,0,0,0,0,0,0,0,0,0,0,0,0,0,0,0,1,0,0,0
384,1,0,0,0,0,0,0,0,0,0,0,0,0,0,0,0,0,0,0,0,0,0,0,0,0
819,1,0,1,0,0,0,0,0,0,0,0,0,0,0,0,0,0,0,0,0,0,0,1,0,0
317,1,0,0,0,0,0,0,0,0,0,0,0,0,0,0,0,0,0,0,0,0,0,0,0,0
211,1,1,0,0,0,0,0,0,0,0,0,0,0,0,0,1,0,0,0,0,0,0,0,0,0
16,1,1,0,0,0,0,0,0,0,0,0,0,0,0,0,0,0,0,0,0,0,0,0,1,0
766,1,1,0,0,0,0,0,0,0,0,0,0,0,0,0,1,0,0,0,0,0,0,0,0,0
49,1,0,0,0,0,0,0,0,0,0,0,0,0,0,0,0,0,0,0,0,0,0,0,0,0
708,1,1,0,0,0,0,0,0,0,0,0,0,0,0,0,1,0,0,0,0,0,0,0,0,0
347,1,1,0,0,0,0,0,0,0,0,0,0,0,0,0,1,0,0,0,0,0,0,0,0,0
72,1,1,0,0,0,0,0,0,0,0,0,0,0,0,0,0,0,0,0,0,0,1,0,0,0
102,1,0,0,0,0,0,0,0,0,0,0,0,0,0,0,0,0,0,0,0,0,0,0,0,0
760,1,0,0,0,0,0,0,0,0,0,0,0,0,0,0,0,0,0,0,0,0,0,0,0,0
452,1,0,0,0,0,0,0,0,0,0,0,0,0,0,0,0,0,0,0,0,0,0,0,0,0
163,1,1,0,0,0,0,0,0,0,0,0,0,0,0,0,0,0,0,0,0,0,1,0,0,0
104,1,0,0,0,0,0,0,0,0,0,0,0,0,0,0,0,0,0,0,0,0,0,0,0,0
77,1,0,0,0,0,0,0,0,0,1,0,0,0,0,0,0,0,0,0,0,0,0,0,0,0
